{
  "gate": "0-S",
  "verdict": "PASS",
  "lr_mean_auc": 0.0,
  "rf_mean_auc": 0.3172674663299663,
  "max_auc": 0.3172674663299663,
  "lr_per_fold_auc": [
    0.0,
    0.0,
    0.0,
    0.0,
    0.0
  ],
  "rf_per_fold_auc": [
    0.29999999999999993,
    0.2712121212121212,
    0.23569023569023567,
    0.47474747474747475,
    0.3046875
  ],
  "lr_ci_95": [
    0.0,
    0.0
  ],
  "rf_ci_95": [
    0.2623516414141414,
    0.4000284090909091
  ],
  "n_features": 3406,
  "n_emory": 164,
  "n_best": 48,
  "seed": 42
}