{
  "gate": "0-T",
  "verdict": "MARGINAL",
  "n_paired_subjects": 164,
  "n_responders": 103,
  "n_non_responders": 61,
  "n_features_total": 7000,
  "n_cpgs_used": 5000,
  "n_genes_used": 2000,
  "explained_variance_ratio": [
    0.15749809154807873,
    0.022609865952708027,
    0.017885576836283786,
    0.013386205164582004,
    0.011054335813787024
  ],
  "permanova_f": 2.0713329705091392,
  "permanova_p": 0.1115,
  "permanova_n_perm": 2000,
  "cohens_d_per_pc": {
    "PC1": 0.24202267205710024,
    "PC2": 0.26707692298879016,
    "PC3": 0.23914708532727308,
    "PC4": 0.11693883149272101,
    "PC5": 0.11522893240731019
  },
  "max_cohens_d": 0.26707692298879016,
  "hotelling_p": null,
  "per_pc_t_p": {
    "PC1": 0.1385414972228619,
    "PC2": 0.10241774488205338,
    "PC3": 0.14327346703934474,
    "PC4": 0.47302947567571063,
    "PC5": 0.47915144301568346
  },
  "seed": 42
}