{
  "permanova_p": 0.107,
  "cohen_d_per_pc": {
    "PC1": 0.271943994047415,
    "PC2": 0.27052792855213437,
    "PC3": 0.11727286787084842,
    "PC4": 0.1122905705220173,
    "PC5": 0.003658569358852741
  },
  "max_cohen_d": 0.271943994047415,
  "n_r": 103,
  "n_nr": 61,
  "verdict": "MARGINAL",
  "rescue_passed": false,
  "n_cpg_features": 5000,
  "n_gene_features": 2000,
  "explained_variance_ratio": [
    0.03337909340748408,
    0.022333229077082684,
    0.01359035951207616,
    0.011767176153242069,
    0.011391987668719399
  ]
}